name,category,price,billed_per,notes
Blues Clues Banner Bouncer,Inflatables,200,"per day (supplier starting price, PARTNER sourced, review before publishing)",Supplier category: Banner Bouncers. Supplier item ID 956397. https://innovativeinflatables.com/all-categories/banner-bouncers/blues-clues-banner/
Disney Princess Banner,Inflatables,200,"per day (supplier starting price, PARTNER sourced, review before publishing)",Supplier category: Banner Bouncers. Supplier item ID 956399. https://innovativeinflatables.com/all-categories/banner-bouncers/disney-princess-banner/
Incredibles Banner,Inflatables,200,"per day (supplier starting price, PARTNER sourced, review before publishing)",Supplier category: Banner Bouncers. Supplier item ID 956401. https://innovativeinflatables.com/all-categories/banner-bouncers/incredibles-banner/
Sponge Bob Banner,Inflatables,200,"per day (supplier starting price, PARTNER sourced, review before publishing)",Supplier category: Banner Bouncers. Supplier item ID 956403. https://innovativeinflatables.com/all-categories/banner-bouncers/sponge-bob-banner/
Strawberry Shortcake Banner,Inflatables,200,"per day (supplier starting price, PARTNER sourced, review before publishing)",Supplier category: Banner Bouncers. Supplier item ID 956405. https://innovativeinflatables.com/all-categories/banner-bouncers/strawberry-shortcake-banner/
Superman Banner,Inflatables,200,"per day (supplier starting price, PARTNER sourced, review before publishing)",Supplier category: Banner Bouncers. Supplier item ID 956407. https://innovativeinflatables.com/all-categories/banner-bouncers/superman-banner/
Treasure Island Banner,Inflatables,200,"per day (supplier starting price, PARTNER sourced, review before publishing)",Supplier category: Banner Bouncers. Supplier item ID 956411. https://innovativeinflatables.com/all-categories/banner-bouncers/treasure-island-banner/
America Bouncer,Inflatables,200,"per day (supplier starting price, PARTNER sourced, review before publishing)",Supplier category: Bouncers. Supplier item ID 956705. https://innovativeinflatables.com/all-categories/bouncers/america/
Birthday Cake Bouncer,Inflatables,200,"per day (supplier starting price, PARTNER sourced, review before publishing)",Supplier category: Bouncers. Supplier item ID 956333. https://innovativeinflatables.com/all-categories/bouncers/birthday-cake/
Boxing/Wrestling Ring Only,Inflatables,200,"per day (supplier starting price, PARTNER sourced, review before publishing)",Supplier category: Bouncers. Supplier item ID 956335. https://innovativeinflatables.com/all-categories/bouncers/boxing-wrestling-ring-only/
Cars,Inflatables,200,"per day (supplier starting price, PARTNER sourced, review before publishing)",Supplier category: Bouncers. Supplier item ID 956337. https://innovativeinflatables.com/all-categories/bouncers/cars/
Circus Banner Bouncer,Inflatables,200,"per day (supplier starting price, PARTNER sourced, review before publishing)",Supplier category: Bouncers. Supplier item ID 956707. https://innovativeinflatables.com/all-categories/bouncers/circus-banner-bouncer/
Color Castle (large),Inflatables,200,"per day (supplier starting price, PARTNER sourced, review before publishing)",Supplier category: Bouncers. Supplier item ID 956341. https://innovativeinflatables.com/all-categories/bouncers/color-castle-large/
Dalmatian,Inflatables,200,"per day (supplier starting price, PARTNER sourced, review before publishing)",Supplier category: Bouncers. Supplier item ID 956349. https://innovativeinflatables.com/all-categories/bouncers/dalmatian/
Dinosaur,Inflatables,200,"per day (supplier starting price, PARTNER sourced, review before publishing)",Supplier category: Bouncers. Supplier item ID 956555. https://innovativeinflatables.com/all-categories/bouncers/dinosaur/
Disney Princess Club,Inflatables,200,"per day (supplier starting price, PARTNER sourced, review before publishing)",Supplier category: Bouncers. Supplier item ID 956351. https://innovativeinflatables.com/all-categories/bouncers/disney-princess-club/
Dora the Explorer,Inflatables,200,"per day (supplier starting price, PARTNER sourced, review before publishing)",Supplier category: Bouncers. Supplier item ID 956353. https://innovativeinflatables.com/all-categories/bouncers/dora-the-explorer/
Emoji Bouncer,Inflatables,200,"per day (supplier starting price, PARTNER sourced, review before publishing)",Supplier category: Bouncers. Supplier item ID 1666871. https://innovativeinflatables.com/all-categories/bouncers/emoji-bouncer/
Finding Nemo,Inflatables,200,"per day (supplier starting price, PARTNER sourced, review before publishing)",Supplier category: Bouncers. Supplier item ID 956355. https://innovativeinflatables.com/all-categories/bouncers/finding-nemo/
Frozen Bouncer,Inflatables,200,"per day (supplier starting price, PARTNER sourced, review before publishing)",Supplier category: Bouncers. Supplier item ID 956679. https://innovativeinflatables.com/all-categories/bouncers/frozen/
Glittertastic Castle Bouncer,Inflatables,200,"per day (supplier starting price, PARTNER sourced, review before publishing)",Supplier category: Bouncers. Supplier item ID 956345. https://innovativeinflatables.com/all-categories/bouncers/glittertastic-castle/
Go Diego Go Bouncer,Inflatables,200,"per day (supplier starting price, PARTNER sourced, review before publishing)",Supplier category: Bouncers. Supplier item ID 956593. https://innovativeinflatables.com/all-categories/bouncers/go-diego-go/
Indoor Bouncer,Inflatables,200,"per day (supplier starting price, PARTNER sourced, review before publishing)",Supplier category: Bouncers. Supplier item ID 3155075. https://innovativeinflatables.com/all-categories/bouncers/indoor-bouncer/
Justice League,Inflatables,200,"per day (supplier starting price, PARTNER sourced, review before publishing)",Supplier category: Bouncers. Supplier item ID 956667. https://innovativeinflatables.com/all-categories/bouncers/justice-league/
Mega Color Castle,Inflatables,325,"per day (supplier starting price, PARTNER sourced, review before publishing)",Supplier category: Bouncers. Supplier item ID 956343. https://innovativeinflatables.com/all-categories/bouncers/mega-color-castle/
Military Extra Large,Inflatables,300,"per day (supplier starting price, PARTNER sourced, review before publishing)",Supplier category: Bouncers. Supplier item ID 956481. https://innovativeinflatables.com/all-categories/bouncers/military-extra-large/
Minnie Mouse Bow-Tique Bouncer,Inflatables,200,"per day (supplier starting price, PARTNER sourced, review before publishing)",Supplier category: Bouncers. Supplier item ID 956709. https://innovativeinflatables.com/all-categories/bouncers/minnie-mouse-bow-tique/
Modular Jump,Inflatables,200,"per day (supplier starting price, PARTNER sourced, review before publishing)",Supplier category: Bouncers. Supplier item ID 956367. https://innovativeinflatables.com/all-categories/bouncers/modular-jump/
Monster Truck,Inflatables,200,"per day (supplier starting price, PARTNER sourced, review before publishing)",Supplier category: Bouncers. Supplier item ID 956369. https://innovativeinflatables.com/all-categories/bouncers/monster-truck/
Shopkins Banner Bouncer,Inflatables,200,"per day (supplier starting price, PARTNER sourced, review before publishing)",Supplier category: Bouncers. Supplier item ID 956723. https://innovativeinflatables.com/all-categories/bouncers/shopkins-banner-bouncer/
Sports Club,Inflatables,200,"per day (supplier starting price, PARTNER sourced, review before publishing)",Supplier category: Bouncers. Supplier item ID 956391. https://innovativeinflatables.com/all-categories/bouncers/sports-club/
The Little Mermaid Bouncer,Inflatables,200,"per day (supplier starting price, PARTNER sourced, review before publishing)",Supplier category: Bouncers. Supplier item ID 956719. https://innovativeinflatables.com/all-categories/bouncers/the-little-mermaid/
Toy Story 3 Bouncer,Inflatables,200,"per day (supplier starting price, PARTNER sourced, review before publishing)",Supplier category: Bouncers. Supplier item ID 956637. https://innovativeinflatables.com/all-categories/bouncers/toy-story-3/
Trolls Mod Jump,Inflatables,200,"per day (supplier starting price, PARTNER sourced, review before publishing)",Supplier category: Bouncers. Supplier item ID 956741. https://innovativeinflatables.com/all-categories/bouncers/trolls-mod-jump/
Wizard Castle,Inflatables,200,"per day (supplier starting price, PARTNER sourced, review before publishing)",Supplier category: Bouncers. Supplier item ID 956395. https://innovativeinflatables.com/all-categories/bouncers/wizard-castle/
Zombie,Inflatables,200,"per day (supplier starting price, PARTNER sourced, review before publishing)",Supplier category: Bouncers. Supplier item ID 956441. https://innovativeinflatables.com/all-categories/bouncers/zombie/
180 Degree Slide,Inflatables,650,"per day (supplier starting price, PARTNER sourced, review before publishing)",Supplier category: Slides. Supplier item ID 956599. https://innovativeinflatables.com/all-categories/slides/180-degree-slide/
Big Kahuna Slide,Inflatables,500,"per day (supplier starting price, PARTNER sourced, review before publishing)",Supplier category: Slides. Supplier item ID 956517. https://innovativeinflatables.com/all-categories/slides/big-kahuna/
Catch the Wave Slide,Inflatables,475,"per day (supplier starting price, PARTNER sourced, review before publishing)",Supplier category: Slides. Supplier item ID 1360875. https://innovativeinflatables.com/all-categories/slides/catch-the-wave-slide/
Cliffhanger,Inflatables,600,"per day (supplier starting price, PARTNER sourced, review before publishing)",Supplier category: Slides. Supplier item ID 1297107. https://innovativeinflatables.com/all-categories/slides/cliffhanger/
Drop the Mic Slide!,Inflatables,400,"per day (supplier starting price, PARTNER sourced, review before publishing)",Supplier category: Slides. Supplier item ID 3240719. https://innovativeinflatables.com/all-categories/slides/drop-the-mic-slide/
Dual Lane Dry Slide,Inflatables,500,"per day (supplier starting price, PARTNER sourced, review before publishing)",Supplier category: Slides. Supplier item ID 956675. https://innovativeinflatables.com/all-categories/slides/dual-lane-dry-slide/
Dual Lane Purple Hurricane Madness Slide,Inflatables,500,"per day (supplier starting price, PARTNER sourced, review before publishing)",Supplier category: Slides. Supplier item ID 1548319. https://innovativeinflatables.com/all-categories/slides/dual-lane-purple-hurricane-madness/
Dual Lane Slip and Dip with Pool,Inflatables,400,"per day (supplier starting price, PARTNER sourced, review before publishing)",Supplier category: Slides. Supplier item ID 1191681. https://innovativeinflatables.com/all-categories/slides/dual-lane-slip-and-dip-with-pool/
Fire and Ice Slide,Inflatables,500,"per day (supplier starting price, PARTNER sourced, review before publishing)",Supplier category: Slides. Supplier item ID 956585. https://innovativeinflatables.com/all-categories/slides/fire-and-ice/
Firecracker Slide,Inflatables,450,"per day (supplier starting price, PARTNER sourced, review before publishing)",Supplier category: Slides. Supplier item ID 1018841. https://innovativeinflatables.com/all-categories/slides/firecracker-slide/
Giant Slide,Inflatables,400,"per day (supplier starting price, PARTNER sourced, review before publishing)",Supplier category: Slides. Supplier item ID 956521. https://innovativeinflatables.com/all-categories/slides/giant-slide/
Jaws Slide,Inflatables,500,"per day (supplier starting price, PARTNER sourced, review before publishing)",Supplier category: Slides. Supplier item ID 1360887. https://innovativeinflatables.com/all-categories/slides/jaws-slide/
Lava Surge Single Lane Water Slide w/Pool,Inflatables,500,"per day (supplier starting price, PARTNER sourced, review before publishing)",Supplier category: Slides. Supplier item ID 1548311. https://innovativeinflatables.com/all-categories/slides/lava-surge-single-lane-water-slide-w-pool/
Maui Splash Water Slide,Inflatables,375,"per day (supplier starting price, PARTNER sourced, review before publishing)",Supplier category: Slides. Supplier item ID 956791. https://innovativeinflatables.com/all-categories/slides/maui-splash-waterslide/
Pirate Slide,Inflatables,375,"per day (supplier starting price, PARTNER sourced, review before publishing)",Supplier category: Slides. Supplier item ID 956657. https://innovativeinflatables.com/all-categories/slides/pirate-slide/
Rainbow Combo,Inflatables,375,"per day (supplier starting price, PARTNER sourced, review before publishing)",Supplier category: Slides. Supplier item ID 956653. https://innovativeinflatables.com/all-categories/slides/rainbow-combo/
Rampage Slide,Inflatables,600,"per day (supplier starting price, PARTNER sourced, review before publishing)",Supplier category: Slides. Supplier item ID 1360879. https://innovativeinflatables.com/all-categories/slides/rampage-slide/
Rip Curl Slide,Inflatables,500,"per day (supplier starting price, PARTNER sourced, review before publishing)",Supplier category: Slides. Supplier item ID 956607. https://innovativeinflatables.com/all-categories/slides/ripcurl/
Rockin Rapids Slide,Inflatables,500,"per day (supplier starting price, PARTNER sourced, review before publishing)",Supplier category: Slides. Supplier item ID 956669. https://innovativeinflatables.com/all-categories/slides/rockin-rapids/
Slip N Slide,Inflatables,275,"per day (supplier starting price, PARTNER sourced, review before publishing)",Supplier category: Slides. Supplier item ID 956523. https://innovativeinflatables.com/all-categories/slides/slip-n-slide/
The Volcano Slide,Inflatables,600,"per day (supplier starting price, PARTNER sourced, review before publishing)",Supplier category: Slides. Supplier item ID 1360871. https://innovativeinflatables.com/all-categories/slides/the-volcano-slide/
Tidal Wave,Inflatables,500,"per day (supplier starting price, PARTNER sourced, review before publishing)",Supplier category: Slides. Supplier item ID 1021577. https://innovativeinflatables.com/all-categories/slides/tidal-wave/
Tiki Island,Inflatables,500,"per day (supplier starting price, PARTNER sourced, review before publishing)",Supplier category: Slides. Supplier item ID 3463687. https://innovativeinflatables.com/all-categories/slides/tiki-island/
Tiki Plunge Dual lane w/Pool,Inflatables,500,"per day (supplier starting price, PARTNER sourced, review before publishing)",Supplier category: Slides. Supplier item ID 1548313. https://innovativeinflatables.com/all-categories/slides/tiki-plunge-dual-lane-w-pool/
Tropical Combo,Inflatables,375,"per day (supplier starting price, PARTNER sourced, review before publishing)",Supplier category: Slides. Supplier item ID 956651. https://innovativeinflatables.com/all-categories/slides/tropical-combo/
Tropical Dual Slide N Splash,Inflatables,400,"per day (supplier starting price, PARTNER sourced, review before publishing)",Supplier category: Slides. Supplier item ID 1013095. https://innovativeinflatables.com/all-categories/slides/tropical-dual-slide-n-splash/
Tropical Hurricane,Inflatables,500,"per day (supplier starting price, PARTNER sourced, review before publishing)",Supplier category: Slides. Supplier item ID 1297111. https://innovativeinflatables.com/all-categories/slides/tropical-hurricane/
Tsunami Slide,Inflatables,650,"per day (supplier starting price, PARTNER sourced, review before publishing)",Supplier category: Slides. Supplier item ID 956693. https://innovativeinflatables.com/all-categories/slides/tsunami-slide/
Two Lane Slip N Slide,Inflatables,350,"per day (supplier starting price, PARTNER sourced, review before publishing)",Supplier category: Slides. Supplier item ID 956627. https://innovativeinflatables.com/all-categories/slides/two-lane-slip-n-slide/
Wipeout,Inflatables,500,"per day (supplier starting price, PARTNER sourced, review before publishing)",Supplier category: Slides. Supplier item ID 956635. https://innovativeinflatables.com/all-categories/slides/wipeout/
Bouncer Maze 3.0,Inflatables,400,"per day (supplier starting price, PARTNER sourced, review before publishing)",Supplier category: Combination Pieces. Supplier item ID 3463677. https://innovativeinflatables.com/all-categories/combination-pieces/bouncer-maze-3-0/
Circular Combo,Inflatables,450,"per day (supplier starting price, PARTNER sourced, review before publishing)",Supplier category: Combination Pieces. Supplier item ID 3306875. https://innovativeinflatables.com/all-categories/combination-pieces/circular-combo/
Despicable Me Minions Combo,Inflatables,350,"per day (supplier starting price, PARTNER sourced, review before publishing)",Supplier category: Combination Pieces. Supplier item ID 956785. https://innovativeinflatables.com/all-categories/combination-pieces/despicable-me-minions-combo/
Disney Princess Combo,Inflatables,350,"per day (supplier starting price, PARTNER sourced, review before publishing)",Supplier category: Combination Pieces. Supplier item ID 956661. https://innovativeinflatables.com/all-categories/combination-pieces/disney-princess-combo/
Excalibur Castle Combo,Inflatables,300,"per day (supplier starting price, PARTNER sourced, review before publishing)",Supplier category: Combination Pieces. Supplier item ID 956673. https://innovativeinflatables.com/all-categories/combination-pieces/excalibur-castle-combo/
Fairy Garden,Inflatables,400,"per day (supplier starting price, PARTNER sourced, review before publishing)",Supplier category: Combination Pieces. Supplier item ID 978347. https://innovativeinflatables.com/all-categories/combination-pieces/fairy-garden/
Frozen Combo,Inflatables,350,"per day (supplier starting price, PARTNER sourced, review before publishing)",Supplier category: Combination Pieces. Supplier item ID 956681. https://innovativeinflatables.com/all-categories/combination-pieces/frozen-combo/
Fun Express Train,Inflatables,450,"per day (supplier starting price, PARTNER sourced, review before publishing)",Supplier category: Combination Pieces. Supplier item ID 3322669. https://innovativeinflatables.com/all-categories/combination-pieces/fun-express-train/
Glittertastic 5-in-1 Combo,Inflatables,350,"per day (supplier starting price, PARTNER sourced, review before publishing)",Supplier category: Combination Pieces. Supplier item ID 956727. https://innovativeinflatables.com/all-categories/combination-pieces/glittertastic-5-in-1-combo/
Halloween Combination Piece,Inflatables,350,"per day (supplier starting price, PARTNER sourced, review before publishing)",Supplier category: Combination Pieces. Supplier item ID 1212481. https://innovativeinflatables.com/all-categories/combination-pieces/halloween-combination-piece/
Hello Kitty Combo,Inflatables,350,"per day (supplier starting price, PARTNER sourced, review before publishing)",Supplier category: Combination Pieces. Supplier item ID 956659. https://innovativeinflatables.com/all-categories/combination-pieces/hello-kitty-combo/
Jungle Combo,Inflatables,300,"per day (supplier starting price, PARTNER sourced, review before publishing)",Supplier category: Combination Pieces. Supplier item ID 956677. https://innovativeinflatables.com/all-categories/combination-pieces/jungle-combo/
Kiddie Playground,Inflatables,350,"per day (supplier starting price, PARTNER sourced, review before publishing)",Supplier category: Combination Pieces. Supplier item ID 956641. https://innovativeinflatables.com/all-categories/combination-pieces/kiddie-playground/
Marvel Avengers Combo,Inflatables,350,"per day (supplier starting price, PARTNER sourced, review before publishing)",Supplier category: Combination Pieces. Supplier item ID 956789. https://innovativeinflatables.com/all-categories/combination-pieces/marvel-avengers-combo/
Medieval Castle Combo,Inflatables,300,"per day (supplier starting price, PARTNER sourced, review before publishing)",Supplier category: Combination Pieces. Supplier item ID 956561. https://innovativeinflatables.com/all-categories/combination-pieces/medieval-castle-combo/
Modular Combo (U-Pick Theme),Inflatables,300,"per day (supplier starting price, PARTNER sourced, review before publishing)",Supplier category: Combination Pieces. Supplier item ID 956419. https://innovativeinflatables.com/all-categories/combination-pieces/modular-combo-u-pick-theme/
MVP Sports Combo,Inflatables,300,"per day (supplier starting price, PARTNER sourced, review before publishing)",Supplier category: Combination Pieces. Supplier item ID 956347. https://innovativeinflatables.com/all-categories/combination-pieces/mvp-sports-combo/
Sparkle Razzle Dazzle Combo 6-in-1,Inflatables,400,"per day (supplier starting price, PARTNER sourced, review before publishing)",Supplier category: Combination Pieces. Supplier item ID 1297097. https://innovativeinflatables.com/all-categories/combination-pieces/sparkle-razzle-dazzle-combo-6-in-1/
Star Wars Combo,Inflatables,350,"per day (supplier starting price, PARTNER sourced, review before publishing)",Supplier category: Combination Pieces. Supplier item ID 956787. https://innovativeinflatables.com/all-categories/combination-pieces/star-wars-combo/
Toy Town,Inflatables,400,"per day (supplier starting price, PARTNER sourced, review before publishing)",Supplier category: Combination Pieces. Supplier item ID 956685. https://innovativeinflatables.com/all-categories/combination-pieces/toy-town/
Trilenium Combo,Inflatables,475,"per day (supplier starting price, PARTNER sourced, review before publishing)",Supplier category: Combination Pieces. Supplier item ID 956655. https://innovativeinflatables.com/all-categories/combination-pieces/trilenium-combo/
Trolls Mod-Combo,Inflatables,300,"per day (supplier starting price, PARTNER sourced, review before publishing)",Supplier category: Combination Pieces. Supplier item ID 956737. https://innovativeinflatables.com/all-categories/combination-pieces/trolls-mod-combo/
Undersea Combo,Inflatables,300,"per day (supplier starting price, PARTNER sourced, review before publishing)",Supplier category: Combination Pieces. Supplier item ID 956427. https://innovativeinflatables.com/all-categories/combination-pieces/undersea-combo/
Unicorn,Inflatables,350,"per day (supplier starting price, PARTNER sourced, review before publishing)",Supplier category: Combination Pieces. Supplier item ID 982547. https://innovativeinflatables.com/all-categories/combination-pieces/unicorn/
Wizard Castle Combo,Inflatables,300,"per day (supplier starting price, PARTNER sourced, review before publishing)",Supplier category: Combination Pieces. Supplier item ID 956429. https://innovativeinflatables.com/all-categories/combination-pieces/wizard-castle-combo/
World of Disney Combination,Inflatables,350,"per day (supplier starting price, PARTNER sourced, review before publishing)",Supplier category: Combination Pieces. Supplier item ID 1506937. https://innovativeinflatables.com/all-categories/combination-pieces/world-of-disney-combination/
Bouncy Boxing with Giant Gloves,Inflatables,500,"per day (supplier starting price, PARTNER sourced, review before publishing)",Supplier category: Interactive Inflatables. Supplier item ID 956483. https://innovativeinflatables.com/all-categories/interactive-inflatables/bouncy-boxing-with-giant-gloves/
Cash Cube,Inflatables,350,"per day (supplier starting price, PARTNER sourced, review before publishing)",Supplier category: Interactive Inflatables. Supplier item ID 956489. https://innovativeinflatables.com/all-categories/interactive-inflatables/cash-cube/
Climb the Ladder,Inflatables,550,"per day (supplier starting price, PARTNER sourced, review before publishing)",Supplier category: Interactive Inflatables. Supplier item ID 1725709. https://innovativeinflatables.com/all-categories/interactive-inflatables/climb-the-ladder/
Double Snow Throw,Inflatables,50,"per day (supplier starting price, PARTNER sourced, review before publishing)",Supplier category: Interactive Inflatables. Supplier item ID 3157283. https://innovativeinflatables.com/all-categories/interactive-inflatables/double-snow-throw/
Extreme Octagon,Inflatables,600,"per day (supplier starting price, PARTNER sourced, review before publishing)",Supplier category: Interactive Inflatables. Supplier item ID 1360855. https://innovativeinflatables.com/all-categories/interactive-inflatables/extreme-octagon/
First in Goal,Inflatables,550,"per day (supplier starting price, PARTNER sourced, review before publishing)",Supplier category: Interactive Inflatables. Supplier item ID 956735. https://innovativeinflatables.com/all-categories/interactive-inflatables/first-in-goal/
Gaga Pit,Inflatables,300,"per day (supplier starting price, PARTNER sourced, review before publishing)",Supplier category: Interactive Inflatables. Supplier item ID 956783. https://innovativeinflatables.com/all-categories/interactive-inflatables/gaga-pit/
Human Billiards,Inflatables,600,"per day (supplier starting price, PARTNER sourced, review before publishing)",Supplier category: Interactive Inflatables. Supplier item ID 1026005. https://innovativeinflatables.com/all-categories/interactive-inflatables/human-billiards/
Human Foosball,Inflatables,750,"per day (supplier starting price, PARTNER sourced, review before publishing)",Supplier category: Interactive Inflatables. Supplier item ID 956595. https://innovativeinflatables.com/all-categories/interactive-inflatables/human-foosball/
Hungry Hippo 4-Player,Inflatables,700,"per day (supplier starting price, PARTNER sourced, review before publishing)",Supplier category: Interactive Inflatables. Supplier item ID 1763495. https://innovativeinflatables.com/all-categories/interactive-inflatables/hungry-hippo-4-player/
Leaps and Bounds,Inflatables,700,"per day (supplier starting price, PARTNER sourced, review before publishing)",Supplier category: Interactive Inflatables. Supplier item ID 1314771. https://innovativeinflatables.com/all-categories/interactive-inflatables/leaps-and-bounds/
Rock'm Sock'm,Inflatables,625,"per day (supplier starting price, PARTNER sourced, review before publishing)",Supplier category: Interactive Inflatables. Supplier item ID 956495. https://innovativeinflatables.com/all-categories/interactive-inflatables/rockm-sockm/
Single Lane Axe Throwing,Inflatables,300,"per day (supplier starting price, PARTNER sourced, review before publishing)",Supplier category: Interactive Inflatables. Supplier item ID 1733543. https://innovativeinflatables.com/all-categories/interactive-inflatables/single-lane-axe-throwing/
Slamdunker,Inflatables,500,"per day (supplier starting price, PARTNER sourced, review before publishing)",Supplier category: Interactive Inflatables. Supplier item ID 956497. https://innovativeinflatables.com/all-categories/interactive-inflatables/slamdunker/
Slippery Slope,Inflatables,500,"per day (supplier starting price, PARTNER sourced, review before publishing)",Supplier category: Interactive Inflatables. Supplier item ID 956691. https://innovativeinflatables.com/all-categories/interactive-inflatables/slippery-slope/
Soccer Darts,Inflatables,350,"per day (supplier starting price, PARTNER sourced, review before publishing)",Supplier category: Interactive Inflatables. Supplier item ID 956571. https://innovativeinflatables.com/all-categories/interactive-inflatables/soccer-darts/
Soccer Fever,Inflatables,350,"per day (supplier starting price, PARTNER sourced, review before publishing)",Supplier category: Interactive Inflatables. Supplier item ID 1506935. https://innovativeinflatables.com/all-categories/interactive-inflatables/soccer-fever/
Sumo Suits,Inflatables,550,"per day (supplier starting price, PARTNER sourced, review before publishing)",Supplier category: Interactive Inflatables. Supplier item ID 956499. https://innovativeinflatables.com/all-categories/interactive-inflatables/summo-suits/
Triple Dome,Inflatables,600,"per day (supplier starting price, PARTNER sourced, review before publishing)",Supplier category: Interactive Inflatables. Supplier item ID 956729. https://innovativeinflatables.com/all-categories/interactive-inflatables/triple-dome/
Twister,Inflatables,300,"per day (supplier starting price, PARTNER sourced, review before publishing)",Supplier category: Interactive Inflatables. Supplier item ID 956501. https://innovativeinflatables.com/all-categories/interactive-inflatables/twister/
Two Lane Axe Throwing,Inflatables,550,"per day (supplier starting price, PARTNER sourced, review before publishing)",Supplier category: Interactive Inflatables. Supplier item ID 1733545. https://innovativeinflatables.com/all-categories/interactive-inflatables/two-lane-axe-throwing/
Velcro Wall,Inflatables,500,"per day (supplier starting price, PARTNER sourced, review before publishing)",Supplier category: Interactive Inflatables. Supplier item ID 956503. https://innovativeinflatables.com/all-categories/interactive-inflatables/velcro-wall/
4-Player LED Air Hockey,Games,850,"per day (supplier starting price, PARTNER sourced, review before publishing)",Supplier category: Games & Activities. Supplier item ID 1753601. https://innovativeinflatables.com/all-categories/games-activities/4-player-led-air-hockey/
Badminton,Games,350,"per day (supplier starting price, PARTNER sourced, review before publishing)",Supplier category: Games & Activities. Supplier item ID 956781. https://innovativeinflatables.com/all-categories/games-activities/badminton/
Balloon Pop,Games,55,"per day (supplier starting price, PARTNER sourced, review before publishing)",Supplier category: Games & Activities. Supplier item ID 956797. https://innovativeinflatables.com/all-categories/games-activities/balloon-pop/
Big Buck Hunter,Games,550,"per day (supplier starting price, PARTNER sourced, review before publishing)",Supplier category: Games & Activities. Supplier item ID 956765. https://innovativeinflatables.com/all-categories/games-activities/big-buck-hunter/
Bocce Ball,Games,80,"per day (supplier starting price, PARTNER sourced, review before publishing)",Supplier category: Games & Activities. Supplier item ID 956771. https://innovativeinflatables.com/all-categories/games-activities/bocce-ball/
Bumper Pool,Games,350,"per day (supplier starting price, PARTNER sourced, review before publishing)",Supplier category: Games & Activities. Supplier item ID 956423. https://innovativeinflatables.com/all-categories/games-activities/bumper-pool/
Can Smash,Games,55,"per day (supplier starting price, PARTNER sourced, review before publishing)",Supplier category: Games & Activities. Supplier item ID 956439. https://innovativeinflatables.com/all-categories/games-activities/can-smash/
Carnival 3-in-1,Games,350,"per day (supplier starting price, PARTNER sourced, review before publishing)",Supplier category: Games & Activities. Supplier item ID 3218337. https://innovativeinflatables.com/all-categories/games-activities/carnival-3-in-1/
Chaos Arcade Game,Games,450,"per day (supplier starting price, PARTNER sourced, review before publishing)",Supplier category: Games & Activities. Supplier item ID 956753. https://innovativeinflatables.com/all-categories/games-activities/chaos-arcade-game/
Claw Machine,Games,950,"per day (supplier starting price, PARTNER sourced, review before publishing)",Supplier category: Games & Activities. Supplier item ID 3204389. https://innovativeinflatables.com/all-categories/games-activities/claw-machine/
Cornhole w/Light-up Ring,Games,150,"per day (supplier starting price, PARTNER sourced, review before publishing)",Supplier category: Games & Activities. Supplier item ID 1549667. https://innovativeinflatables.com/all-categories/games-activities/corn-hole-w-light-up-ring/
Croquet,Games,95,"per day (supplier starting price, PARTNER sourced, review before publishing)",Supplier category: Games & Activities. Supplier item ID 956773. https://innovativeinflatables.com/all-categories/games-activities/crocket/
CRUIS'N EXOTICA - 2 Player,Games,1450,"per day (supplier starting price, PARTNER sourced, review before publishing)",Supplier category: Games & Activities. Supplier item ID 2789847. https://innovativeinflatables.com/all-categories/games/cruisn-exotica-2-player/
CRUIS'N USA,Games,750,"per day (supplier starting price, PARTNER sourced, review before publishing)",Supplier category: Games & Activities. Supplier item ID 2789787. (broken link on supplier site)
Dome Hockey,Games,350,"per day (supplier starting price, PARTNER sourced, review before publishing)",Supplier category: Games & Activities. Supplier item ID 956761. https://innovativeinflatables.com/all-categories/games-activities/dome-bubble-hockey/
Fish in a Bowl,Games,55,"per day (supplier starting price, PARTNER sourced, review before publishing)",Supplier category: Games & Activities. Supplier item ID 956795. https://innovativeinflatables.com/all-categories/games-activities/fish-in-a-bowl/
Five-in-One Carnival,Games,350,"per day (supplier starting price, PARTNER sourced, review before publishing)",Supplier category: Games & Activities. Supplier item ID 956687. https://innovativeinflatables.com/all-categories/games-activities/five-in-one-carnival/
Flap Attack,Games,100,"per day (supplier starting price, PARTNER sourced, review before publishing)",Supplier category: Games & Activities. Supplier item ID 1725873. https://innovativeinflatables.com/all-categories/games-activities/flap-attack/
Football Toss Electronic,Games,350,"per day (supplier starting price, PARTNER sourced, review before publishing)",Supplier category: Games & Activities. Supplier item ID 956509. https://innovativeinflatables.com/all-categories/games-activities/football-toss-electronic/
Giant Checkers,Games,250,"per day (supplier starting price, PARTNER sourced, review before publishing)",Supplier category: Games & Activities. Supplier item ID 956701. https://innovativeinflatables.com/all-categories/games-activities/giant-checkers/
Giant Foosball,Games,750,"per day (supplier starting price, PARTNER sourced, review before publishing)",Supplier category: Games & Activities. Supplier item ID 956757. https://innovativeinflatables.com/all-categories/games-activities/giant-foosball/
Giant Inflatable Chair,Games,250,"per day (supplier starting price, PARTNER sourced, review before publishing)",Supplier category: Games & Activities. Supplier item ID 956373. https://innovativeinflatables.com/all-categories/games-activities/giant-inflatable-chair/
Giant Jenga,Games,75,"per day (supplier starting price, PARTNER sourced, review before publishing)",Supplier category: Games & Activities. Supplier item ID 956697. https://innovativeinflatables.com/all-categories/games-activities/giant-jenga/
Giant Operation,Games,350,"per day (supplier starting price, PARTNER sourced, review before publishing)",Supplier category: Games & Activities. Supplier item ID 956717. https://innovativeinflatables.com/all-categories/games-activities/giant-operation/
Golden Tee Golf,Games,1700,"per day (supplier starting price, PARTNER sourced, review before publishing)",Supplier category: Games & Activities. Supplier item ID 956763. https://innovativeinflatables.com/all-categories/games-activities/golden-tee-golf/
Hi-Striker,Games,350,"per day (supplier starting price, PARTNER sourced, review before publishing)",Supplier category: Games & Activities. Supplier item ID 956449. https://innovativeinflatables.com/all-categories/games-activities/hi-striker/
Hit The Bucket,Games,55,"per day (supplier starting price, PARTNER sourced, review before publishing)",Supplier category: Games & Activities. Supplier item ID 956799. https://innovativeinflatables.com/all-categories/games-activities/hit-the-bucket/
Horseshoe Toss,Games,85,"per day (supplier starting price, PARTNER sourced, review before publishing)",Supplier category: Games & Activities. Supplier item ID 2824233. https://innovativeinflatables.com/all-categories/games-activities/horseshoe-toss/
Horseshoes,Games,75,"per day (supplier starting price, PARTNER sourced, review before publishing)",Supplier category: Games & Activities. Supplier item ID 956779. https://innovativeinflatables.com/all-categories/games-activities/horse-shoes/
Indoor Mini Golf,Games,950,"per day (supplier starting price, PARTNER sourced, review before publishing)",Supplier category: Games & Activities. Supplier item ID 3200905. https://innovativeinflatables.com/all-categories/games-activities/indoor-mini-golf/
Leaping Lizard,Games,100,"per day (supplier starting price, PARTNER sourced, review before publishing)",Supplier category: Games & Activities. Supplier item ID 1725875. https://innovativeinflatables.com/all-categories/games-activities/leaping-lizard/
LED Air Hockey,Games,1000,"per day (supplier starting price, PARTNER sourced, review before publishing)",Supplier category: Games & Activities. Supplier item ID 1753599. https://innovativeinflatables.com/all-categories/games-activities/led-air-hockey/
LED Mini Golf,Games,1200,"per day (supplier starting price, PARTNER sourced, review before publishing)",Supplier category: Games & Activities. Supplier item ID 3200903. https://innovativeinflatables.com/all-categories/games-activities/led-mini-golf/
Mega Chess,Games,450,"per day (supplier starting price, PARTNER sourced, review before publishing)",Supplier category: Games & Activities. Supplier item ID 956453. https://innovativeinflatables.com/all-categories/games-activities/mega-chess/
MegaWire,Games,250,"per day (supplier starting price, PARTNER sourced, review before publishing)",Supplier category: Games & Activities. Supplier item ID 956733. https://innovativeinflatables.com/all-categories/games-activities/megawire/
Monster Dentist,Games,55,"per day (supplier starting price, PARTNER sourced, review before publishing)",Supplier category: Games & Activities. Supplier item ID 956711. https://innovativeinflatables.com/all-categories/games-activities/monster-dentist/
Monster Pong,Games,300,"per day (supplier starting price, PARTNER sourced, review before publishing)",Supplier category: Games & Activities. Supplier item ID 956357. https://innovativeinflatables.com/all-categories/games-activities/monster-pong/
Outlaw Knockdown,Games,85,"per day (supplier starting price, PARTNER sourced, review before publishing)",Supplier category: Games & Activities. Supplier item ID 2824235. https://innovativeinflatables.com/all-categories/games-activities/outlaw-knockdown/
Pixel Play,Games,450,"per day (supplier starting price, PARTNER sourced, review before publishing)",Supplier category: Games & Activities. Supplier item ID 956747. https://innovativeinflatables.com/all-categories/games-activities/pixel-play/
Play Back Simon,Games,350,"per day (supplier starting price, PARTNER sourced, review before publishing)",Supplier category: Games & Activities. Supplier item ID 960607. https://innovativeinflatables.com/all-categories/games-activities/play-back-simon/
Potty Toss,Games,55,"per day (supplier starting price, PARTNER sourced, review before publishing)",Supplier category: Games & Activities. Supplier item ID 956713. https://innovativeinflatables.com/all-categories/games-activities/potty-toss/
Putt-n-Win,Games,55,"per day (supplier starting price, PARTNER sourced, review before publishing)",Supplier category: Games & Activities. Supplier item ID 956461. https://innovativeinflatables.com/all-categories/games-activities/putt-n-win/
Quarterback Toss Non-Electronic,Games,250,"per day (supplier starting price, PARTNER sourced, review before publishing)",Supplier category: Games & Activities. Supplier item ID 956739. https://innovativeinflatables.com/all-categories/games-activities/quarterback-toss-non-electric/
Ring Toss,Games,95,"per day (supplier starting price, PARTNER sourced, review before publishing)",Supplier category: Games & Activities. Supplier item ID 956463. https://innovativeinflatables.com/all-categories/games-activities/ring-toss/
Roller Bowler,Games,95,"per day (supplier starting price, PARTNER sourced, review before publishing)",Supplier category: Games & Activities. Supplier item ID 956425. https://innovativeinflatables.com/all-categories/games-activities/roller-bowler/
Sharp Shooter,Games,85,"per day (supplier starting price, PARTNER sourced, review before publishing)",Supplier category: Games & Activities. Supplier item ID 2824237. https://innovativeinflatables.com/all-categories/games-activities/sharp-shooter/
Shuffleboard,Games,750,"per day (supplier starting price, PARTNER sourced, review before publishing)",Supplier category: Games & Activities. Supplier item ID 956759. https://innovativeinflatables.com/all-categories/games-activities/shuffleboard/
Silver Strike Bowling,Games,600,"per day (supplier starting price, PARTNER sourced, review before publishing)",Supplier category: Games & Activities. Supplier item ID 1086225. https://innovativeinflatables.com/all-categories/games-activities/silver-strike-bowling/
Slingshot - 4 Player Carnival Game,Games,125,"per day (supplier starting price, PARTNER sourced, review before publishing)",Supplier category: Games & Activities. Supplier item ID 1725881. https://innovativeinflatables.com/all-categories/games-activities/slingshot-4-player-carnival-game/
Snake Pit,Games,95,"per day (supplier starting price, PARTNER sourced, review before publishing)",Supplier category: Games & Activities. Supplier item ID 956457. https://innovativeinflatables.com/all-categories/games-activities/snake-pit/
Spin Art Cards,Games,150,"per day (supplier starting price, PARTNER sourced, review before publishing)",Supplier category: Games & Activities. Supplier item ID 956465. https://innovativeinflatables.com/all-categories/games-activities/spin-art-cards/
Spin Art Frisbees,Games,150,"per day (supplier starting price, PARTNER sourced, review before publishing)",Supplier category: Games & Activities. Supplier item ID 956467. https://innovativeinflatables.com/all-categories/games-activities/spin-art-frisbees/
Sports Zone 3-in-1,Games,350,"per day (supplier starting price, PARTNER sourced, review before publishing)",Supplier category: Games & Activities. Supplier item ID 3218333. https://innovativeinflatables.com/all-categories/games-activities/sports-zone-3-in-1/
Streetskee,Games,100,"per day (supplier starting price, PARTNER sourced, review before publishing)",Supplier category: Games & Activities. Supplier item ID 1725877. https://innovativeinflatables.com/all-categories/games-activities/streetskee/
Strike Zone,Games,95,"per day (supplier starting price, PARTNER sourced, review before publishing)",Supplier category: Games & Activities. Supplier item ID 956683. https://innovativeinflatables.com/all-categories/games-activities/strike-zone/
Strike-A-Light,Games,400,"per day (supplier starting price, PARTNER sourced, review before publishing)",Supplier category: Games & Activities. Supplier item ID 956689. https://innovativeinflatables.com/all-categories/games-activities/strike-a-light/
The Grand Carnival,Games,400,"per day (supplier starting price, PARTNER sourced, review before publishing)",Supplier category: Games & Activities. Supplier item ID 1318929. https://innovativeinflatables.com/all-categories/games-activities/the-grand-carnival/
The Grand Western,Games,475,"per day (supplier starting price, PARTNER sourced, review before publishing)",Supplier category: Games & Activities. Supplier item ID 2824231. https://innovativeinflatables.com/all-categories/games-activities/the-grand-western/
The Vault,Games,350,"per day (supplier starting price, PARTNER sourced, review before publishing)",Supplier category: Games & Activities. Supplier item ID 956731. https://innovativeinflatables.com/all-categories/games-activities/the-vault/
Tic Tac Toe,Games,55,"per day (supplier starting price, PARTNER sourced, review before publishing)",Supplier category: Games & Activities. Supplier item ID 956469. https://innovativeinflatables.com/all-categories/games-activities/tic-tac-toe/
Tri Air Hockey,Games,750,"per day (supplier starting price, PARTNER sourced, review before publishing)",Supplier category: Games & Activities. Supplier item ID 1424581. https://innovativeinflatables.com/all-categories/games-activities/tri-air-hockey/
Volleyball,Games,300,"per day (supplier starting price, PARTNER sourced, review before publishing)",Supplier category: Games & Activities. Supplier item ID 1845781. https://innovativeinflatables.com/all-categories/games-activities/volleyball/
Champion Obstacle Course,Inflatables,550,"per day (supplier starting price, PARTNER sourced, review before publishing)",Supplier category: Obstacle Courses. Supplier item ID 1733555. https://innovativeinflatables.com/all-categories/obstacle-courses/champion-course/
Crash Course Obstacle Course,Inflatables,950,"per day (supplier starting price, PARTNER sourced, review before publishing)",Supplier category: Obstacle Courses. Supplier item ID 956629. https://innovativeinflatables.com/all-categories/obstacle-courses/crash-course/
Double Dare Challenge Obstacle Course,Inflatables,600,"per day (supplier starting price, PARTNER sourced, review before publishing)",Supplier category: Obstacle Courses. Supplier item ID 1725711. https://innovativeinflatables.com/all-categories/obstacle-courses/double-dare-challenge/
Extreme X Obstacle Course,Inflatables,500,"per day (supplier starting price, PARTNER sourced, review before publishing)",Supplier category: Obstacle Courses. Supplier item ID 956725. https://innovativeinflatables.com/all-categories/obstacle-courses/extreme-x/
Terminator,Inflatables,350,"per day (supplier starting price, PARTNER sourced, review before publishing)",Supplier category: Obstacle Courses. Supplier item ID 956587. https://innovativeinflatables.com/all-categories/obstacle-courses/terminator/
The Spartan,Inflatables,475,"per day (supplier starting price, PARTNER sourced, review before publishing)",Supplier category: Obstacle Courses. Supplier item ID 1360853. https://innovativeinflatables.com/all-categories/obstacle-courses/the-spartan/
Toxic Challenge Obstacle Course,Inflatables,575,"per day (supplier starting price, PARTNER sourced, review before publishing)",Supplier category: Obstacle Courses. Supplier item ID 978441. https://innovativeinflatables.com/all-categories/obstacle-courses/toxic-challenge/
Ultimate Zone,Inflatables,950,"per day (supplier starting price, PARTNER sourced, review before publishing)",Supplier category: Obstacle Courses. Supplier item ID 3249047. https://innovativeinflatables.com/all-categories/obstacle-courses/ultimate-zone/
Vertical Rush Obstacle Course,Inflatables,900,"per day (supplier starting price, PARTNER sourced, review before publishing)",Supplier category: Obstacle Courses. Supplier item ID 956643. https://innovativeinflatables.com/all-categories/obstacle-courses/vertical-rush/
Warrior Challenge,Inflatables,575,"per day (supplier starting price, PARTNER sourced, review before publishing)",Supplier category: Obstacle Courses. Supplier item ID 956663. https://innovativeinflatables.com/all-categories/obstacle-courses/warrior-challenge/
X Run,Inflatables,850,"per day (supplier starting price, PARTNER sourced, review before publishing)",Supplier category: Obstacle Courses. Supplier item ID 1297105. https://innovativeinflatables.com/all-categories/obstacle-courses/x-run/
Certificate of Insurance,Planning Services,0,"per day (supplier starting price, PARTNER sourced, review before publishing)","Admin add-on, not a rentable product. Supplier shows $0 (quote on request). Supplier category: Other Services. Supplier item ID 956605. https://innovativeinflatables.com/all-categories/other-services/insurance-certificate/"
Digital Photo System,Photo and Video,1000,"per day (supplier starting price, PARTNER sourced, review before publishing)",Supplier category: Other Services. Supplier item ID 956535. https://innovativeinflatables.com/all-categories/other-services/digital-photo-system/
Glitter Tattoos,Entertainment,750,"per day (supplier starting price, PARTNER sourced, review before publishing)",Supplier category: Other Services. Supplier item ID 956375. https://innovativeinflatables.com/all-categories/other-services/glitter-tattoos/
Guitar Hero,Games,650,"per day (supplier starting price, PARTNER sourced, review before publishing)",Supplier category: Other Services. Supplier item ID 956617. https://innovativeinflatables.com/all-categories/other-services/guitar-hero/
Operator,Planning Services,85,"per day (supplier starting price, PARTNER sourced, review before publishing)","Staffing add-on (attendant), priced per supplier. Supplier category: Other Services. Supplier item ID 956471. https://innovativeinflatables.com/all-categories/other-services/operator/"
Rock Band,Games,1500,"per day (supplier starting price, PARTNER sourced, review before publishing)",Supplier category: Other Services. Supplier item ID 956613. https://innovativeinflatables.com/all-categories/other-services/rockband/
Rock Wall (Mechanical),Inflatables,1500,"per day (supplier starting price, PARTNER sourced, review before publishing)",Supplier category: Other Services. Supplier item ID 956563. https://innovativeinflatables.com/all-categories/other-services/rock-wall-mechanical/
Sky Dancer,Lighting and Decor,150,"per day (supplier starting price, PARTNER sourced, review before publishing)",Supplier category: Other Services. Supplier item ID 956721. https://innovativeinflatables.com/all-categories/other-services/sky-dancer/
Virtual Reality,Games,0,"per day (supplier starting price, PARTNER sourced, review before publishing)",Supplier shows $0 (quote on request). Supplier category: Other Services. Supplier item ID 956565. https://innovativeinflatables.com/all-categories/other-services/virtual-reality/
Large Generator,Production and Effects,200,"per day (supplier starting price, PARTNER sourced, review before publishing)",Supplier category: Generators. Supplier item ID 956473. https://innovativeinflatables.com/all-categories/generators/large-generator/
